problem,algorithm,params,best fitness,best iterations,best time,best fevals
NN,Backprop,"[]",0.629422718808,370,1.640365098,0
NN,RHC,"[]",0.424535315985,480,1.306473206,0
NN,GA,"['100', '10', '1']",0.408662242403,350,16.852436762,0
NN,SA,"['0.5']",0.399094781683,360,0.987756114,0
