problem,algorithm,params,best fitness,best iterations,best time,best fevals
NN,SA,"['0.5']",0.409398756047,610,1.655761193,0
NN,RHC,"[]",0.441221374046,1000,2.704007996,0
NN,Backprop,"[]",0.629422718808,370,1.640365098,0
NN,GA,"['100', '10', '1']",0.476090750436,730,34.927300956,0
